-- MySQL dump 10.13  Distrib 8.0.33, for Win64 (x86_64)
--
-- Host: localhost    Database: miranda
-- ------------------------------------------------------
-- Server version	8.0.33

/*!40101 SET @OLD_CHARACTER_SET_CLIENT=@@CHARACTER_SET_CLIENT */;
/*!40101 SET @OLD_CHARACTER_SET_RESULTS=@@CHARACTER_SET_RESULTS */;
/*!40101 SET @OLD_COLLATION_CONNECTION=@@COLLATION_CONNECTION */;
/*!50503 SET NAMES utf8 */;
/*!40103 SET @OLD_TIME_ZONE=@@TIME_ZONE */;
/*!40103 SET TIME_ZONE='+00:00' */;
/*!40014 SET @OLD_UNIQUE_CHECKS=@@UNIQUE_CHECKS, UNIQUE_CHECKS=0 */;
/*!40014 SET @OLD_FOREIGN_KEY_CHECKS=@@FOREIGN_KEY_CHECKS, FOREIGN_KEY_CHECKS=0 */;
/*!40101 SET @OLD_SQL_MODE=@@SQL_MODE, SQL_MODE='NO_AUTO_VALUE_ON_ZERO' */;
/*!40111 SET @OLD_SQL_NOTES=@@SQL_NOTES, SQL_NOTES=0 */;

--
-- Table structure for table `bookings`
--

DROP TABLE IF EXISTS `bookings`;
/*!40101 SET @saved_cs_client     = @@character_set_client */;
/*!50503 SET character_set_client = utf8mb4 */;
CREATE TABLE `bookings` (
  `id` varchar(36) NOT NULL,
  `roomId` varchar(36) NOT NULL,
  `orderDate` varchar(29) NOT NULL,
  `inDate` varchar(29) DEFAULT NULL,
  `outDate` varchar(29) DEFAULT NULL,
  `specialRequest` text,
  `guestName` varchar(255) DEFAULT NULL,
  `guestLastname` varchar(255) DEFAULT NULL,
  `guestProfileUrl` varchar(255) DEFAULT NULL,
  PRIMARY KEY (`id`)
) ENGINE=InnoDB DEFAULT CHARSET=utf8mb4 COLLATE=utf8mb4_0900_ai_ci;
/*!40101 SET character_set_client = @saved_cs_client */;

--
-- Dumping data for table `bookings`
--

LOCK TABLES `bookings` WRITE;
/*!40000 ALTER TABLE `bookings` DISABLE KEYS */;
INSERT INTO `bookings` VALUES ('01d98432-d859-4525-bce7-001424fe022f','939010ca-18b1-4718-85dd-177d7d0897a7','2023-03-31T13:56:50.279Z','2023-01-09T11:15:22.640Z','2023-07-22T08:57:19.913Z','Cupiditate nihil ratione.','Rogers','Funk','https://cloudflare-ipfs.com/ipfs/Qmd3W5DuhgHirLHGVixi6V76LhCkZUz6pnFt5AJBiyvHye/avatar/424.jpg'),('07404f51-552e-4557-ba01-75b427bc12b0','7a070328-9c63-4acb-81d3-53372f39ccc9','2023-01-08T17:51:19.089Z','2023-06-05T11:07:20.005Z','2024-05-31T09:44:19.302Z','Voluptates similique accusantium.','Jaydon','Rippin','https://avatars.githubusercontent.com/u/87467907'),('10eef571-788b-4720-916e-bdc7010bde9a','27f77505-4311-4600-8da3-6549a1d88b72','2023-05-02T13:02:46.461Z','2022-10-08T13:04:44.143Z','2023-11-02T10:29:00.221Z','Fugiat voluptate sunt eius voluptatem sint aut pariatur quasi molestiae.','Lexi','Bergnaum','https://cloudflare-ipfs.com/ipfs/Qmd3W5DuhgHirLHGVixi6V76LhCkZUz6pnFt5AJBiyvHye/avatar/369.jpg'),('1328e693-7c56-49e4-8727-57476b6af35e','7a070328-9c63-4acb-81d3-53372f39ccc9','2022-09-19T08:44:41.327Z','2023-06-26T17:00:12.019Z','2023-12-23T06:10:51.455Z','Quia ullam illo magni sint tenetur unde doloribus voluptates.','Helena','Trantow','https://cloudflare-ipfs.com/ipfs/Qmd3W5DuhgHirLHGVixi6V76LhCkZUz6pnFt5AJBiyvHye/avatar/590.jpg'),('25b4b824-f4fb-4343-b88a-bc4151c09e71','8a4c8e65-1188-4469-975e-aecd9edb944e','2022-11-30T01:48:24.410Z','2023-03-19T16:33:20.925Z','2024-01-21T15:01:13.056Z','Voluptate corrupti nesciunt quia iure perferendis illo culpa odio eveniet.','Noble','Stanton','https://avatars.githubusercontent.com/u/20484002'),('277f56ee-e671-4c1e-8981-2a8866f1da04','1','2023-07-07T08:25:59.238Z','2022-05-03T08:00:00.000Z','2022-06-02T08:00:00.000Z','Non-smoking room','John','Doe','https://example.com/profile/johndoe'),('29d93933-bb58-4f5d-a594-63315bbbbf56','824d1603-9ac0-49b1-9ef8-216bb52d7bab','2023-03-20T14:00:05.214Z','2022-07-08T15:51:33.279Z','2023-08-05T14:35:14.940Z','Vero aut beatae laborum inventore nobis inventore nihil.','Toney','Bergstrom','https://cloudflare-ipfs.com/ipfs/Qmd3W5DuhgHirLHGVixi6V76LhCkZUz6pnFt5AJBiyvHye/avatar/466.jpg'),('2af6a287-626e-41eb-bd67-75a6148155fa','77e87929-5b50-4433-ab59-ee6c8d85dcb0','2023-01-29T13:06:34.151Z','2023-04-06T02:44:20.544Z','2023-09-21T19:27:51.523Z','Dicta ipsam officiis repudiandae.','Hollis','Stokes','https://cloudflare-ipfs.com/ipfs/Qmd3W5DuhgHirLHGVixi6V76LhCkZUz6pnFt5AJBiyvHye/avatar/701.jpg'),('2bbe95a5-fb0c-4f86-b06b-faf60820b5b6','77e87929-5b50-4433-ab59-ee6c8d85dcb0','2022-11-05T01:18:25.781Z','2022-09-15T16:57:53.017Z','2024-06-06T22:13:03.594Z','Cum et esse placeat odit veniam.','Cassandre','Veum','https://cloudflare-ipfs.com/ipfs/Qmd3W5DuhgHirLHGVixi6V76LhCkZUz6pnFt5AJBiyvHye/avatar/946.jpg'),('3da64b07-0d5b-4575-8ffc-48688244fd6d','8a4c8e65-1188-4469-975e-aecd9edb944e','2022-12-27T18:36:12.656Z','2022-08-19T00:29:18.657Z','2023-08-07T03:07:54.311Z','Eveniet cupiditate et.','Karl','Terry','https://avatars.githubusercontent.com/u/94295009'),('3dc6e296-b7b4-4336-a0e3-f1ae325bd8d1','e68764a9-79c8-4450-9bb7-42088b4b4e9b','2023-02-10T17:18:44.351Z','2023-01-28T07:51:05.358Z','2023-12-10T11:52:05.705Z','Saepe facere provident ipsa in eum expedita debitis ut libero.','Lisandro','Bartell','https://avatars.githubusercontent.com/u/44361888'),('3f373c1c-715b-4b40-91e4-9fead98a493d','939010ca-18b1-4718-85dd-177d7d0897a7','2022-07-31T16:36:47.696Z','2022-07-11T01:15:38.159Z','2024-04-24T04:06:01.692Z','Voluptatum blanditiis minus.','Winfield','Blick','https://cloudflare-ipfs.com/ipfs/Qmd3W5DuhgHirLHGVixi6V76LhCkZUz6pnFt5AJBiyvHye/avatar/1236.jpg'),('427d6761-4ccf-4fee-b989-1147394e26ce','1','2023-07-07T08:25:59.238Z','2022-05-03T08:00:00.000Z','2022-06-02T08:00:00.000Z','Non-smoking room','John','Doe','https://example.com/profile/johndoe'),('65c81d91-857c-41fe-988a-f6e2347f8923','1','2023-07-07T08:25:59.238Z','2022-05-03T08:00:00.000Z','2022-06-02T08:00:00.000Z','Non-smoking room','John','Doe','https://example.com/profile/johndoe'),('6fe2b8f1-8ab6-4c21-b1e7-6cdbe78e2a5c','1','2023-07-07T08:25:59.238Z','2022-05-03T08:00:00.000Z','2022-06-02T08:00:00.000Z','Non-smoking room','John','Doe','https://example.com/profile/johndoe'),('72ed83a6-85f8-47b7-b406-167e475eef15','1','2023-07-07T08:26:48.256Z','2022-05-03T08:00:00.000Z','2022-06-02T08:00:00.000Z','Non-smoking room','John','Doe','https://example.com/profile/johndoe'),('7faffe38-9649-4373-94f8-d0903023f80b','91b6be44-5002-4946-8f01-048f97d1ed03','2022-11-30T19:23:07.287Z','2022-12-10T00:19:39.926Z','2023-08-16T17:32:19.415Z','Laborum doloribus deserunt distinctio eius facere veritatis pariatur facilis eveniet.','Treva','Abbott','https://cloudflare-ipfs.com/ipfs/Qmd3W5DuhgHirLHGVixi6V76LhCkZUz6pnFt5AJBiyvHye/avatar/668.jpg'),('8ca5b828-fa4f-4ad6-b6c0-6078afd1582b','27f77505-4311-4600-8da3-6549a1d88b72','2023-06-01T06:57:28.105Z','2022-09-12T20:24:45.307Z','2023-12-29T14:06:46.483Z','Adipisci reiciendis sequi.','Emmanuelle','Rempel','https://avatars.githubusercontent.com/u/59431444'),('97e50b83-3dbf-469a-abba-5116b4739c0d','1','2023-07-07T08:26:48.256Z','2022-05-03T08:00:00.000Z','2022-06-02T08:00:00.000Z','Non-smoking room','John','Doe','https://example.com/profile/johndoe'),('ae718c85-4eb3-46e0-927c-e0c0dde7a623','27f77505-4311-4600-8da3-6549a1d88b72','2023-06-10T20:35:58.589Z','2022-10-02T15:00:39.637Z','2023-12-24T23:38:52.923Z','Praesentium sequi inventore labore officiis natus commodi soluta quas.','Giovanny','Gislason','https://avatars.githubusercontent.com/u/65659056'),('b1985e2d-4733-4279-b222-8a7925dc0740','77e87929-5b50-4433-ab59-ee6c8d85dcb0','2022-11-14T21:39:37.407Z','2022-12-08T15:01:58.869Z','2023-09-18T14:35:19.332Z','Soluta quis reiciendis consequuntur pariatur commodi quas consequuntur velit expedita.','Brooke','Gleichner','https://cloudflare-ipfs.com/ipfs/Qmd3W5DuhgHirLHGVixi6V76LhCkZUz6pnFt5AJBiyvHye/avatar/1055.jpg'),('b31eaba6-919d-453e-b8ed-4076e4769440','7a070328-9c63-4acb-81d3-53372f39ccc9','2023-05-21T14:15:19.018Z','2023-04-23T19:02:47.716Z','2024-03-13T13:35:25.989Z','Commodi dignissimos libero dolorem vitae deleniti incidunt error cum.','Maryse','Collier','https://cloudflare-ipfs.com/ipfs/Qmd3W5DuhgHirLHGVixi6V76LhCkZUz6pnFt5AJBiyvHye/avatar/1038.jpg'),('b648956e-2170-4fb6-ae97-9b139b1b3bd0','824d1603-9ac0-49b1-9ef8-216bb52d7bab','2023-03-10T16:44:30.196Z','2023-03-27T02:57:19.204Z','2024-05-10T05:02:03.833Z','Repellendus minima optio culpa dignissimos corrupti consequatur.','Hildegard','Waelchi','https://cloudflare-ipfs.com/ipfs/Qmd3W5DuhgHirLHGVixi6V76LhCkZUz6pnFt5AJBiyvHye/avatar/141.jpg'),('bb0f7f53-da72-4131-b0ca-425f60e548bf','7a070328-9c63-4acb-81d3-53372f39ccc9','2022-09-06T10:04:39.695Z','2023-04-07T19:46:59.991Z','2023-11-17T07:46:27.491Z','Quibusdam ut similique.','Gianni','Hessel','https://avatars.githubusercontent.com/u/98176916'),('bd722864-a3dc-4d2b-93ec-6af08735c088','1','2023-07-07T08:26:48.256Z','2022-05-03T08:00:00.000Z','2022-06-02T08:00:00.000Z','nothing','John','Doe','https://example.com/profile/johndoe'),('bf0cda2b-3fc8-40c7-9c59-bdfb33409907','8a4c8e65-1188-4469-975e-aecd9edb944e','2023-01-06T08:21:06.015Z','2023-03-15T00:29:33.764Z','2023-11-14T15:29:51.226Z','Vitae aspernatur voluptatem deserunt enim soluta.','Rosa','Moen','https://cloudflare-ipfs.com/ipfs/Qmd3W5DuhgHirLHGVixi6V76LhCkZUz6pnFt5AJBiyvHye/avatar/346.jpg'),('c7ac0b34-8432-4ed1-9f3f-f4f10e2e2cca','1','2023-07-07T08:25:59.238Z','2022-05-03T08:00:00.000Z','2022-06-02T08:00:00.000Z','Non-smoking room','John','Doe','https://example.com/profile/johndoe'),('d184e9b1-03ae-42a4-8223-64a28fd00b38','dec69c73-2c32-4f08-85ee-d3429f73922e','2023-05-04T20:47:41.970Z','2022-08-27T18:54:05.994Z','2023-12-21T10:05:19.849Z','Porro atque unde.','Ebba','VonRueden','https://cloudflare-ipfs.com/ipfs/Qmd3W5DuhgHirLHGVixi6V76LhCkZUz6pnFt5AJBiyvHye/avatar/874.jpg'),('d611cafd-72fa-4ea8-ade0-2597fe0d684a','dec69c73-2c32-4f08-85ee-d3429f73922e','2022-12-31T14:26:04.657Z','2022-11-18T06:49:27.475Z','2024-06-07T23:13:48.441Z','Odio ex non deserunt accusamus porro totam iusto.','Maurine','Mitchell','https://cloudflare-ipfs.com/ipfs/Qmd3W5DuhgHirLHGVixi6V76LhCkZUz6pnFt5AJBiyvHye/avatar/401.jpg'),('e3122d79-c280-4e7f-a4de-ca79cd02b95a','91b6be44-5002-4946-8f01-048f97d1ed03','2023-03-14T20:33:13.553Z','2022-10-06T23:09:12.793Z','2024-03-02T15:52:44.735Z','Perspiciatis quos quod earum.','Wilson','Gleason','https://cloudflare-ipfs.com/ipfs/Qmd3W5DuhgHirLHGVixi6V76LhCkZUz6pnFt5AJBiyvHye/avatar/668.jpg'),('e3a345c8-73ea-4bec-a403-6e7463742479','e68764a9-79c8-4450-9bb7-42088b4b4e9b','2022-10-04T12:29:06.207Z','2023-06-13T11:42:10.390Z','2024-02-27T04:20:34.711Z','Architecto quos temporibus nam nobis facere fugiat ab sunt.','Daniela','Crona','https://avatars.githubusercontent.com/u/72510504'),('eb4cddfe-23d1-42de-9bdd-7513dada3c47','27f77505-4311-4600-8da3-6549a1d88b72','2022-12-19T03:10:33.696Z','2022-11-05T19:34:29.445Z','2024-06-29T02:13:05.266Z','Qui labore similique aspernatur aliquam excepturi.','Myah','Powlowski','https://cloudflare-ipfs.com/ipfs/Qmd3W5DuhgHirLHGVixi6V76LhCkZUz6pnFt5AJBiyvHye/avatar/205.jpg'),('f287dbc6-32df-4f2b-9ec6-a6fa0a96f4b6','824d1603-9ac0-49b1-9ef8-216bb52d7bab','2022-10-20T06:34:52.186Z','2022-10-05T22:03:14.663Z','2024-04-10T06:05:07.380Z','Mollitia veritatis quos iusto iste vel.','Bartholome','Trantow','https://cloudflare-ipfs.com/ipfs/Qmd3W5DuhgHirLHGVixi6V76LhCkZUz6pnFt5AJBiyvHye/avatar/494.jpg'),('f433b80e-9fd9-4b37-8e86-89052ddf236d','e68764a9-79c8-4450-9bb7-42088b4b4e9b','2023-01-16T18:12:22.241Z','2023-06-18T09:41:27.510Z','2024-06-08T05:55:50.318Z','Vero ipsum similique.','Presley','Schroeder','https://avatars.githubusercontent.com/u/58481101'),('f492b7d4-7c9f-4611-82de-51f19db18ed7','4155106e-59dc-4729-83eb-baad58e20bda','2022-09-12T06:42:54.388Z','2022-09-04T06:27:31.279Z','2024-05-04T15:19:24.121Z','Totam corporis eum impedit.','Eden','Legros-Ankunding','https://cloudflare-ipfs.com/ipfs/Qmd3W5DuhgHirLHGVixi6V76LhCkZUz6pnFt5AJBiyvHye/avatar/1072.jpg'),('f4a94717-e0ba-4a5e-a678-557f14db2655','1','2023-07-07T08:26:48.256Z','2022-05-03T08:00:00.000Z','2022-06-02T08:00:00.000Z','Non-smoking room','John','Doe','https://example.com/profile/johndoe'),('f67688f6-6798-4017-a1fc-8ee6fb843745','1','2023-07-07T08:26:48.256Z','2022-05-03T08:00:00.000Z','2022-06-02T08:00:00.000Z','Non-smoking room','John','Doe','https://example.com/profile/johndoe'),('f747f1e0-bede-4df3-8858-0ca4cc9ddad7','77e87929-5b50-4433-ab59-ee6c8d85dcb0','2022-09-22T05:49:36.528Z','2022-12-01T13:55:58.745Z','2023-12-20T09:06:00.764Z','Libero reiciendis animi natus nulla iusto est.','Candelario','Wisozk','https://cloudflare-ipfs.com/ipfs/Qmd3W5DuhgHirLHGVixi6V76LhCkZUz6pnFt5AJBiyvHye/avatar/159.jpg'),('f93ed299-2092-4850-b19e-20287b05458d','1','2023-07-07T08:25:59.238Z','2022-05-03T08:00:00.000Z','2022-06-02T08:00:00.000Z','nothing','John','Doe','https://example.com/profile/johndoe'),('fa270705-2c4a-4afd-bdfb-a7362c662efa','dec69c73-2c32-4f08-85ee-d3429f73922e','2023-06-20T16:09:16.290Z','2022-09-08T14:53:10.292Z','2024-05-31T06:15:49.433Z','Totam nobis maiores possimus modi libero dignissimos.','Kenny','Abernathy','https://cloudflare-ipfs.com/ipfs/Qmd3W5DuhgHirLHGVixi6V76LhCkZUz6pnFt5AJBiyvHye/avatar/710.jpg'),('fb536438-900e-467b-ac89-01bd82e5b3b3','824d1603-9ac0-49b1-9ef8-216bb52d7bab','2023-06-22T04:00:42.934Z','2023-05-04T22:49:46.432Z','2023-10-03T15:51:22.331Z','Ratione nostrum cum in cum harum quos.','Janice','Stroman','https://avatars.githubusercontent.com/u/45490929'),('fcf72142-c2fb-4714-9a51-cb74e5cf3962','1','2023-07-07T08:26:48.256Z','2022-05-03T08:00:00.000Z','2022-06-02T08:00:00.000Z','Non-smoking room','John','Doe','https://example.com/profile/johndoe');
/*!40000 ALTER TABLE `bookings` ENABLE KEYS */;
UNLOCK TABLES;

--
-- Table structure for table `reviews`
--

DROP TABLE IF EXISTS `reviews`;
/*!40101 SET @saved_cs_client     = @@character_set_client */;
/*!50503 SET character_set_client = utf8mb4 */;
CREATE TABLE `reviews` (
  `id` varchar(36) NOT NULL,
  `sentAt` varchar(29) NOT NULL,
  `viewed` tinyint(1) DEFAULT '0',
  `archived` tinyint(1) DEFAULT '0',
  `subject` enum('Subject A','Subject B','Subject C') DEFAULT 'Subject A',
  `comment` text NOT NULL,
  `personName` varchar(255) DEFAULT NULL,
  `personLastname` varchar(255) DEFAULT NULL,
  `personEmail` varchar(255) DEFAULT NULL,
  `personPhone` varchar(255) DEFAULT NULL,
  PRIMARY KEY (`id`)
) ENGINE=InnoDB DEFAULT CHARSET=utf8mb4 COLLATE=utf8mb4_0900_ai_ci;
/*!40101 SET character_set_client = @saved_cs_client */;

--
-- Dumping data for table `reviews`
--

LOCK TABLES `reviews` WRITE;
/*!40000 ALTER TABLE `reviews` DISABLE KEYS */;
INSERT INTO `reviews` VALUES ('05d14b7f-fcc3-4b72-9afd-6c8089cb0d15','2022-08-02T09:19:37.534Z',1,0,'Subject C','Eligendi quaerat hic doloribus. Culpa ea quia facilis deserunt. Veritatis corporis sint quod laborum nostrum laborum.','Maximilian','Abernathy','Nola31@yahoo.com','1-725-949-4357 x1531'),('0da2d2f6-464b-40dd-9098-e74e2c4bc6cf','2022-12-14T05:10:33.368Z',0,0,'Subject C','Culpa ipsa ex iure numquam at iste vitae. Maxime delectus occaecati nam ab repellendus. Explicabo fugit fugiat nemo earum quos dolores culpa nostrum.','Zoie','Carroll','Aurelio68@gmail.com','412-208-5235 x5827'),('13112e38-eea8-46e6-9070-e115ef60512b','2022-12-31T13:20:00.000Z',0,0,'Subject A','This is a sample comment.','Alice','Smith','alice@example.com','+1234567890'),('14fd6f5a-cc27-4a96-ad96-33f033a6f676','2023-01-31T16:27:45.533Z',0,1,'Subject C','Natus nostrum animi aspernatur reiciendis cum ullam fugiat explicabo velit. Tempore voluptatum repudiandae. Illo eveniet voluptatum consequuntur itaque accusantium modi architecto molestias.','Krystel','Kreiger','Retha.OReilly80@gmail.com','749.744.1969 x217'),('172d3709-bb19-44f6-85b2-3c02c028c6c8','2022-12-31T13:20:00.000Z',0,0,'Subject A','This is a sample comment.','Alice','Smith','alice@example.com','+1234567890'),('2bce02ed-c6c7-4918-8bbf-033b38266662','2023-05-02T07:16:09.634Z',0,0,'Subject C','Dicta maiores tempora facilis voluptas cumque mollitia corporis. Quasi provident sapiente incidunt ullam voluptas ea. Animi soluta eum perferendis nihil fugit ducimus unde reprehenderit.','Natasha','Smitham','Maci_Wisoky86@hotmail.com','895.326.6923 x469'),('2cd15f0f-d1c9-41a1-a40e-a5406c752c8c','2023-08-01T19:34:15.231Z',0,0,'Subject A','hello','LUKASZ','MARAJ','lucas.m2295@gmail.com','655947499'),('2f184d54-5970-4bbc-b596-c72412516a1e','2022-12-31T13:20:00.000Z',0,0,'Subject A','This is a sample comment.','Alice','Smith','alice@example.com','+1234567890'),('3818a845-1b84-4538-a074-2d678c1a9028','2022-12-31T13:20:00.000Z',0,0,'Subject A','This is a sample comment.','Alice','Smith','alice@example.com','+1234567890'),('3cc6ca98-c29e-422b-8a9a-ae749caae819','2022-12-31T13:20:00.000Z',0,0,'Subject A','This is a sample comment.','Alice','Smith','alice@example.com','+1234567890'),('42160eb7-e627-456e-845c-30ecd4576bcb','2022-11-01T08:34:58.214Z',0,0,'Subject A','Vel distinctio sed perferendis porro quo ratione ab. Odit sit distinctio eum autem voluptatum omnis magnam. Perspiciatis animi hic fugiat sapiente corrupti mollitia sapiente cum.','Caitlyn','Stehr','Brannon.Sauer57@gmail.com','1-440-486-9244 x7648'),('4386e3fc-88d2-445e-a4c8-6de463d73fc6','2022-12-31T13:20:00.000Z',0,0,'Subject A','This is a sample comment.','Alice','Smith','alice@example.com','+1234567890'),('48ece243-34e8-42ee-9a34-3b067ebcdee8','2023-08-01T19:44:10.871Z',0,0,'Subject A','this is the description of my comment','LUKASZ','MARAJ','lucas.m2295@gmail.com','655947499'),('54cf5eab-622e-4240-854f-fc501ed369fb','2022-12-31T13:20:00.000Z',0,0,'Subject A','This is a sample comment.','Alice','Smith','alice@example.com','+1234567890'),('611bbbd2-7ff1-40b0-9122-f1c2cf44195b','2023-05-06T09:19:37.446Z',0,0,'Subject B','Asperiores laborum consectetur odit alias corporis nisi. Ad quo illo. Corrupti quidem exercitationem repellat repellendus illo dignissimos adipisci nisi a.','Norval','Cummerata','Lenny.Sporer88@yahoo.com','218-873-1698'),('6c64c971-e4e2-43a7-a419-6474e56297f9','2023-05-22T15:35:56.396Z',0,1,'Subject B','Quae nostrum molestias. Quas quae repudiandae ab ipsa voluptas voluptas dolor quidem atque. Aliquid quasi dolor inventore fugit ducimus sunt assumenda ducimus id.','Rodolfo','Langosh','Greta.Shanahan@yahoo.com','800-713-8201 x12851'),('6e30d0e5-b116-4910-a933-74f349ff8a28','2022-07-25T02:29:24.238Z',0,0,'Subject B','Nihil esse voluptas reprehenderit perspiciatis voluptate minus distinctio. Distinctio harum nostrum veniam autem neque. Debitis ipsam doloremque in deleniti incidunt expedita ipsum nulla.','Maurice','Flatley','Fritz_Grady21@yahoo.com','1-703-505-0933 x4822'),('71b0314e-a6d6-4d5b-9c1f-5aaa4c108367','2022-12-31T13:20:00.000Z',0,0,'Subject A','nothing','Alice','Smith','alice@example.com','+1234567890'),('784e872a-7cfe-4012-8fdd-9d867f209d20','2023-08-01T19:43:45.269Z',0,0,'Subject A','this is the description of my comment','LUKASZ','MARAJ','lucas.m2295@gmail.com','655947499'),('7bfeb3fa-d17d-471f-951d-0f796830d53f','2022-07-20T05:04:41.397Z',0,0,'Subject C','Possimus blanditiis aspernatur sunt enim. Ea recusandae repellat natus. Consectetur est facilis quae quasi assumenda rerum odit delectus.','Aubree','Hagenes','Jessyca_Zboncak@gmail.com','(405) 861-8329 x57694'),('7f471fff-2a91-443d-9d51-16fb33759d4c','2022-12-31T13:20:00.000Z',0,0,'Subject A','nothing','Alice','Smith','alice@example.com','+1234567890'),('82f77b66-385f-4b87-93b2-0f701711be94','2022-07-12T18:35:36.980Z',1,1,'Subject C','Sed nemo earum dignissimos possimus architecto. Vero eaque optio ad placeat. Dolores nihil ex.','Kitty','Weissnat','Shanelle_Trantow53@hotmail.com','(699) 808-0620 x90183'),('91a98bfa-4755-4fb1-b1dc-7648e912155a','2022-10-27T20:15:30.829Z',1,0,'Subject C','Repudiandae quidem dicta voluptate. Officia laboriosam cum quisquam natus non ipsam mollitia tenetur. Quae nisi vero quia possimus nobis ab magnam.','Lavinia','Sporer','Omari.Donnelly30@gmail.com','1-371-445-4274 x86491'),('940f5832-a3e2-4d3d-93a7-605fe6b0c472','2023-08-01T20:20:00.933Z',0,0,'Subject A','aou','LUKASZ','MARAJ','lucas.m2295w@gmail.com','655947499'),('949ffe9c-7ab6-47a3-bda8-1203918dc6fe','2022-09-24T14:55:53.723Z',1,1,'Subject A','Itaque maxime doloribus libero. Dolorem aliquid non at ex rerum quae rem nostrum error. Ratione rerum quisquam numquam temporibus veniam aperiam officiis.','Mohammed','Hand','Lela9@gmail.com','302-986-1179 x997'),('98567e25-215e-4158-8555-a4b5e0875a2b','2022-12-31T13:20:00.000Z',0,0,'Subject A','This is a sample comment.','Alice','Smith','alice@example.com','+1234567890'),('a0caeeec-df94-405a-ae84-86d75fc4043b','2023-01-03T21:05:42.402Z',0,0,'Subject B','Beatae est est. Ullam dicta unde laboriosam inventore modi doloremque minus. Atque velit ex error debitis assumenda.','Stephany','Yost','Ford_Erdman91@yahoo.com','203.970.0274 x707'),('a8c5ca26-2b71-4875-8610-3b37c4bbf659','2023-08-01T20:27:10.352Z',0,0,'Subject A','rht','LUKASZ','MARAJ','lucas.m2295@gmail.com','655947499'),('a9cff383-b325-42f6-9b23-634603d94af8','2022-07-08T11:24:37.138Z',1,0,'Subject B','Reiciendis voluptatum labore repellat repellat dignissimos aliquid asperiores quos iste. Dicta possimus quod. Distinctio adipisci perspiciatis dolores perferendis perspiciatis aspernatur exercitationem tempora.','Yvonne','Frami','Buck_Marks@gmail.com','(847) 286-4719 x058'),('b174e55b-5058-45fa-b618-9e7ca39ff323','2023-03-04T21:28:31.601Z',0,0,'Subject A','Porro corporis laborum unde impedit architecto. Voluptate odio molestiae deleniti neque vero tenetur fugit. Quia debitis nam necessitatibus alias praesentium labore.','Ezekiel','Rice','Mavis63@yahoo.com','290.892.5087 x172'),('b3c2c29f-0849-4fc1-8d69-455a3df8232e','2023-08-01T19:43:36.176Z',0,0,'Subject A','this is the description of my comment','LUKASZ','MARAJ','lucas.m2295@gmail.com','655947499'),('b59ffe1f-7a9a-4168-a887-2b16e00f26a3','2023-08-01T20:31:29.403Z',0,0,'Subject A','123.','LUKASZ','MARAJ','lucas.m2295//w@gmail.com','655947499'),('b7ec5cfb-c73e-4720-ab55-8f30be344971','2023-02-08T00:50:42.967Z',1,0,'Subject A','Facere dicta asperiores libero eligendi quae nesciunt. Numquam necessitatibus tempora quasi. Eaque occaecati porro libero corporis deleniti debitis nulla sequi architecto.','Lavada','Stroman','Ida55@yahoo.com','1-579-229-8114 x58100'),('ba6c3c72-1400-4e43-97d8-641d770b566b','2022-12-31T13:20:00.000Z',0,0,'Subject A','This is a sample comment.','Alice','Smith','alice@example.com','+1234567890'),('c4695fc0-b745-4426-8777-b76b506e6fb4','2022-10-09T15:47:33.969Z',0,1,'Subject A','Odio a deserunt in amet quia nostrum. Molestiae minus nobis dolore reiciendis ipsa quidem doloremque nesciunt. Ullam modi atque.','Celine','Lockman','Arnoldo4@gmail.com','(661) 905-7893 x236'),('cd034fb4-ab6f-4c11-99dd-a4eec91a4217','2022-12-31T13:20:00.000Z',0,0,'Subject A','This is a sample comment.','Alice','Smith','alice@example.com','+1234567890'),('d9534f45-31fa-445e-9baa-1feabfcf4c22','2023-02-21T12:54:26.823Z',0,1,'Subject C','Dolorem eaque itaque praesentium doloremque excepturi sapiente cum asperiores deleniti. Cupiditate corrupti distinctio veritatis delectus. Reprehenderit natus nemo officia tempora.','Millie','Conroy','Mohammad.Bailey@hotmail.com','988.222.8429 x10824'),('dd3c7b82-2404-4ab1-a4f8-5c6e75225af7','2023-08-01T20:31:21.904Z',0,0,'Subject A','123.','LUKASZ','MARAJ','lucas.m2295$w@gmail.com','655947499'),('e5ac944d-48f5-49e9-b725-67ba1df62e25','2022-09-21T08:52:22.405Z',1,0,'Subject C','Laboriosam eos optio consequatur in neque necessitatibus accusantium illum fugiat. Totam error est cupiditate harum illum blanditiis. Incidunt ducimus vitae animi quia nesciunt quia.','Sister','Jaskolski','Clarabelle22@gmail.com','1-457-374-6018 x97448'),('f4e16b5e-0d84-4601-8e9d-10da121cdd07','2023-08-01T19:34:24.386Z',0,0,'Subject A','hello','LUKASZ','MARAJ','lucas.m2295@gmail.com','655947499'),('f4e5f789-a0c5-4d6e-b5c9-9eed01f99c88','2023-08-01T20:29:05.428Z',0,0,'Subject A','123.','LUKASZ','MARAJ','lucas.m2295w@gmail.com','655947499'),('f564ef57-434c-48c9-9b21-d149a4d5ac64','2023-04-30T05:45:17.160Z',0,1,'Subject A','Exercitationem est consectetur itaque sequi laborum expedita. Dolorem nulla sed aliquid laborum doloremque aliquam maxime explicabo. Praesentium consequuntur cupiditate architecto nam voluptates nemo odio quae quibusdam.','Hillary','Von','Zita_Gislason51@gmail.com','1-983-697-3148 x815');
/*!40000 ALTER TABLE `reviews` ENABLE KEYS */;
UNLOCK TABLES;

--
-- Table structure for table `rooms`
--

DROP TABLE IF EXISTS `rooms`;
/*!40101 SET @saved_cs_client     = @@character_set_client */;
/*!50503 SET character_set_client = utf8mb4 */;
CREATE TABLE `rooms` (
  `id` varchar(36) NOT NULL,
  `name` varchar(255) NOT NULL,
  `type` enum('single','double','superior','suite') NOT NULL,
  `number` int NOT NULL,
  `price` int NOT NULL,
  `discount` int NOT NULL,
  `description` text,
  `cancellationPolicy` text,
  `amenities` json NOT NULL,
  `images` json DEFAULT NULL,
  `bookings` json DEFAULT NULL,
  PRIMARY KEY (`id`)
) ENGINE=InnoDB DEFAULT CHARSET=utf8mb4 COLLATE=utf8mb4_0900_ai_ci;
/*!40101 SET character_set_client = @saved_cs_client */;

--
-- Dumping data for table `rooms`
--

LOCK TABLES `rooms` WRITE;
/*!40000 ALTER TABLE `rooms` DISABLE KEYS */;
INSERT INTO `rooms` VALUES ('2751ffbb-728c-4314-a243-2cacb45dab4a','Deluxe Room','double',101,200,20,'A spacious and luxurious room.','Free cancellation up to 24 hours before check-in.','{\"wifi\": true, \"shower\": true, \"towels\": true, \"grocery\": false, \"kitchen\": false, \"cleaning\": true, \"nearShop\": true, \"breakfast\": true, \"singleBed\": false, \"expertTeam\": false, \"strongLocker\": false, \"onlineSupport\": true, \"smartSecurity\": true, \"airConditioner\": true}','[\"https://example.com/images/room1.jpg\", \"https://example.com/images/room2.jpg\", \"https://example.com/images/room3.jpg\"]','[]'),('27f77505-4311-4600-8da3-6549a1d88b72','ipsa','single',19,155,56,'Dolor natus ullam nemo in. Nulla doloremque dolores praesentium labore ex omnis. Repudiandae incidunt harum.','Ratione delectus molestias veritatis nulla atque.','{\"wifi\": true, \"shower\": false, \"towels\": true, \"grocery\": false, \"kitchen\": false, \"cleaning\": false, \"nearShop\": false, \"breakfast\": true, \"singleBed\": true, \"expertTeam\": true, \"strongLocker\": false, \"onlineSupport\": true, \"smartSecurity\": false, \"airConditioner\": true}','[\"https://loremflickr.com/640/480?lock=8959489466171392\", \"https://picsum.photos/seed/kxaalGPMoN/640/480\", \"https://picsum.photos/seed/e3gP6/640/480\"]','[]'),('2aa030e6-cec6-45a4-9c7e-3d789de17d0d','Deluxe Room','double',101,200,20,'A spacious and luxurious room.','Free cancellation up to 24 hours before check-in.','{\"wifi\": true, \"shower\": true, \"towels\": true, \"grocery\": false, \"kitchen\": false, \"cleaning\": true, \"nearShop\": true, \"breakfast\": true, \"singleBed\": false, \"expertTeam\": false, \"strongLocker\": false, \"onlineSupport\": true, \"smartSecurity\": true, \"airConditioner\": true}','[\"https://example.com/images/room1.jpg\", \"https://example.com/images/room2.jpg\", \"https://example.com/images/room3.jpg\"]','[]'),('4155106e-59dc-4729-83eb-baad58e20bda','ex','superior',825,165,64,'Laboriosam provident excepturi. Illo perferendis pariatur maxime eligendi incidunt corrupti totam reiciendis. Impedit quaerat ipsum sed alias ex deleniti.','Dolor provident soluta omnis laboriosam ipsam assumenda error magni ad.','{\"wifi\": false, \"shower\": true, \"towels\": false, \"grocery\": false, \"kitchen\": false, \"cleaning\": true, \"nearShop\": false, \"breakfast\": true, \"singleBed\": true, \"expertTeam\": false, \"strongLocker\": false, \"onlineSupport\": false, \"smartSecurity\": false, \"airConditioner\": true}','[\"https://loremflickr.com/640/480?lock=8648065969815552\", \"https://picsum.photos/seed/hIV5grNh/640/480\", \"https://picsum.photos/seed/loamEpRm/640/480\"]','[]'),('5775e209-eb74-4d1e-b12e-37e5e4b13132','Deluxe Room','double',101,200,20,'A spacious and luxurious room.','Free cancellation up to 24 hours before check-in.','{\"wifi\": true, \"shower\": true, \"towels\": true, \"grocery\": false, \"kitchen\": false, \"cleaning\": true, \"nearShop\": true, \"breakfast\": true, \"singleBed\": false, \"expertTeam\": false, \"strongLocker\": false, \"onlineSupport\": true, \"smartSecurity\": true, \"airConditioner\": true}','[\"https://example.com/images/room1.jpg\", \"https://example.com/images/room2.jpg\", \"https://example.com/images/room3.jpg\"]','[]'),('6a9b1a3b-6f77-4988-9a08-0bd484d7f0b4','Deluxe Room','double',101,200,20,'A spacious and luxurious room.','Free cancellation up to 24 hours before check-in.','{\"wifi\": true, \"shower\": true, \"towels\": true, \"grocery\": false, \"kitchen\": false, \"cleaning\": true, \"nearShop\": true, \"breakfast\": true, \"singleBed\": false, \"expertTeam\": false, \"strongLocker\": false, \"onlineSupport\": true, \"smartSecurity\": true, \"airConditioner\": true}','[\"https://example.com/images/room1.jpg\", \"https://example.com/images/room2.jpg\", \"https://example.com/images/room3.jpg\"]','[]'),('6da83b8a-5504-4287-8c34-48a33beae9c6','Deluxe Room','double',101,200,20,'A spacious and luxurious room.','Free cancellation up to 24 hours before check-in.','{\"wifi\": true, \"shower\": true, \"towels\": true, \"grocery\": false, \"kitchen\": false, \"cleaning\": true, \"nearShop\": true, \"breakfast\": true, \"singleBed\": false, \"expertTeam\": false, \"strongLocker\": false, \"onlineSupport\": true, \"smartSecurity\": true, \"airConditioner\": true}','[\"https://example.com/images/room1.jpg\", \"https://example.com/images/room2.jpg\", \"https://example.com/images/room3.jpg\"]','[]'),('724df25f-666a-4f5b-bece-bae32497ba3b','Deluxe Room','double',101,200,20,'A spacious and luxurious room.','Free cancellation up to 24 hours before check-in.','{\"wifi\": true, \"shower\": true, \"towels\": true, \"grocery\": false, \"kitchen\": false, \"cleaning\": true, \"nearShop\": true, \"breakfast\": true, \"singleBed\": false, \"expertTeam\": false, \"strongLocker\": false, \"onlineSupport\": true, \"smartSecurity\": true, \"airConditioner\": true}','[\"https://example.com/images/room1.jpg\", \"https://example.com/images/room2.jpg\", \"https://example.com/images/room3.jpg\"]','[]'),('77e87929-5b50-4433-ab59-ee6c8d85dcb0','nisi','double',220,196,85,'Reiciendis voluptates doloribus ducimus quia reprehenderit quaerat quasi ab. Ratione optio occaecati pariatur fugit vero. Amet iusto unde voluptate expedita explicabo dolore.','Nulla officiis incidunt in repellendus assumenda deserunt fugit quae.','{\"wifi\": false, \"shower\": true, \"towels\": false, \"grocery\": true, \"kitchen\": false, \"cleaning\": false, \"nearShop\": false, \"breakfast\": true, \"singleBed\": true, \"expertTeam\": false, \"strongLocker\": true, \"onlineSupport\": false, \"smartSecurity\": false, \"airConditioner\": true}','[\"https://loremflickr.com/640/480?lock=752157978525696\", \"https://picsum.photos/seed/jXbHGnC24/640/480\", \"https://picsum.photos/seed/glfBn/640/480\"]','[]'),('7a070328-9c63-4acb-81d3-53372f39ccc9','aliquam','superior',99,103,71,'Repellat commodi dolorum dolorem perferendis. Minima eligendi explicabo dolorum optio sint laborum voluptatibus magnam. Ab quibusdam repudiandae quis.','Libero optio explicabo at harum velit rerum tempora ab.','{\"wifi\": true, \"shower\": false, \"towels\": false, \"grocery\": false, \"kitchen\": true, \"cleaning\": false, \"nearShop\": false, \"breakfast\": true, \"singleBed\": true, \"expertTeam\": true, \"strongLocker\": true, \"onlineSupport\": true, \"smartSecurity\": false, \"airConditioner\": true}','[\"https://picsum.photos/seed/akQS0/640/480\", \"https://loremflickr.com/640/480?lock=2090693130452992\", \"https://loremflickr.com/640/480?lock=6654489104744448\"]','[]'),('824d1603-9ac0-49b1-9ef8-216bb52d7bab','illo','superior',552,66,68,'Eius assumenda odit impedit. Maiores fuga enim doloribus optio quo. Et consequatur dolores commodi maxime omnis ad et.','Voluptatem pariatur amet dignissimos cum id molestias.','{\"wifi\": false, \"shower\": false, \"towels\": false, \"grocery\": false, \"kitchen\": true, \"cleaning\": true, \"nearShop\": false, \"breakfast\": false, \"singleBed\": false, \"expertTeam\": false, \"strongLocker\": false, \"onlineSupport\": false, \"smartSecurity\": false, \"airConditioner\": false}','[\"https://picsum.photos/seed/wTdEtDS/640/480\", \"https://loremflickr.com/640/480?lock=4176002584412160\", \"https://loremflickr.com/640/480?lock=7350121542975488\"]','[]'),('85e3d006-5ad2-44c6-8b11-d957085e7024','Deluxe Room','double',101,200,20,'A spacious and luxurious room.','Free cancellation up to 24 hours before check-in.','{\"wifi\": true, \"shower\": true, \"towels\": true, \"grocery\": false, \"kitchen\": false, \"cleaning\": true, \"nearShop\": true, \"breakfast\": true, \"singleBed\": false, \"expertTeam\": false, \"strongLocker\": false, \"onlineSupport\": true, \"smartSecurity\": true, \"airConditioner\": true}','[\"https://example.com/images/room1.jpg\", \"https://example.com/images/room2.jpg\", \"https://example.com/images/room3.jpg\"]','[]'),('8995c9ed-dc14-46a0-8047-114bf817abdc','Deluxe Room','double',101,200,20,'new description for the room','Free cancellation up to 24 hours before check-in.','{\"wifi\": true, \"shower\": true, \"towels\": true, \"grocery\": false, \"kitchen\": false, \"cleaning\": true, \"nearShop\": true, \"breakfast\": true, \"singleBed\": false, \"expertTeam\": false, \"strongLocker\": false, \"onlineSupport\": true, \"smartSecurity\": true, \"airConditioner\": true}','[\"https://example.com/images/room1.jpg\", \"https://example.com/images/room2.jpg\", \"https://example.com/images/room3.jpg\"]','[]'),('8a4c8e65-1188-4469-975e-aecd9edb944e','incidunt','superior',979,56,61,'Quis delectus natus eveniet error itaque quae iste non veritatis. Temporibus laborum vitae excepturi sapiente repudiandae ut eum vero. Nemo minima illum ut natus voluptates odio.','Nulla quidem aut laborum suscipit debitis provident impedit illum.','{\"wifi\": true, \"shower\": false, \"towels\": true, \"grocery\": true, \"kitchen\": false, \"cleaning\": false, \"nearShop\": true, \"breakfast\": true, \"singleBed\": false, \"expertTeam\": true, \"strongLocker\": true, \"onlineSupport\": true, \"smartSecurity\": false, \"airConditioner\": false}','[\"https://picsum.photos/seed/3kP6L/640/480\", \"https://picsum.photos/seed/SMq0SPe8/640/480\", \"https://loremflickr.com/640/480?lock=1942972761374720\"]','[]'),('91b6be44-5002-4946-8f01-048f97d1ed03','blanditiis','suite',666,115,80,'Doloribus quaerat qui voluptates id deleniti. Nihil praesentium quam illo voluptas inventore culpa. Sit placeat vel tenetur voluptatibus.','Suscipit velit quibusdam nesciunt consectetur ex mollitia ipsam possimus repellendus.','{\"wifi\": true, \"shower\": false, \"towels\": false, \"grocery\": false, \"kitchen\": false, \"cleaning\": true, \"nearShop\": true, \"breakfast\": false, \"singleBed\": false, \"expertTeam\": false, \"strongLocker\": true, \"onlineSupport\": true, \"smartSecurity\": true, \"airConditioner\": true}','[\"https://loremflickr.com/640/480?lock=5820006661095424\", \"https://loremflickr.com/640/480?lock=4283908069785600\", \"https://picsum.photos/seed/pYQDjaP/640/480\"]','[]'),('923c1059-9ced-44c9-bfd2-8b56336f18bd','Deluxe Room','double',101,200,20,'A spacious and luxurious room.','Free cancellation up to 24 hours before check-in.','{\"wifi\": true, \"shower\": true, \"towels\": true, \"grocery\": false, \"kitchen\": false, \"cleaning\": true, \"nearShop\": true, \"breakfast\": true, \"singleBed\": false, \"expertTeam\": false, \"strongLocker\": false, \"onlineSupport\": true, \"smartSecurity\": true, \"airConditioner\": true}','[\"https://example.com/images/room1.jpg\", \"https://example.com/images/room2.jpg\", \"https://example.com/images/room3.jpg\"]','[]'),('939010ca-18b1-4718-85dd-177d7d0897a7','culpa','single',727,141,84,'Quas amet voluptatem facilis. Ab excepturi magnam fugit amet assumenda quaerat laboriosam amet perferendis. Facere deleniti odit dolore odit excepturi.','Quas ipsa facere quam.','{\"wifi\": true, \"shower\": true, \"towels\": false, \"grocery\": true, \"kitchen\": true, \"cleaning\": false, \"nearShop\": true, \"breakfast\": true, \"singleBed\": true, \"expertTeam\": true, \"strongLocker\": false, \"onlineSupport\": false, \"smartSecurity\": false, \"airConditioner\": true}','[\"https://picsum.photos/seed/aucFLGgH/640/480\", \"https://picsum.photos/seed/UFSJVnm/640/480\", \"https://picsum.photos/seed/vijPkCU1z/640/480\"]','[]'),('9cbb0058-8a5c-4566-80e0-4986156d9bfb','Deluxe Room','double',101,200,20,'new description for the room','Free cancellation up to 24 hours before check-in.','{\"wifi\": true, \"shower\": true, \"towels\": true, \"grocery\": false, \"kitchen\": false, \"cleaning\": true, \"nearShop\": true, \"breakfast\": true, \"singleBed\": false, \"expertTeam\": false, \"strongLocker\": false, \"onlineSupport\": true, \"smartSecurity\": true, \"airConditioner\": true}','[\"https://example.com/images/room1.jpg\", \"https://example.com/images/room2.jpg\", \"https://example.com/images/room3.jpg\"]','[]'),('c47d5c6a-e32e-4524-b269-ac09520ba9a2','Deluxe Room','double',101,200,20,'A spacious and luxurious room.','Free cancellation up to 24 hours before check-in.','{\"wifi\": true, \"shower\": true, \"towels\": true, \"grocery\": false, \"kitchen\": false, \"cleaning\": true, \"nearShop\": true, \"breakfast\": true, \"singleBed\": false, \"expertTeam\": false, \"strongLocker\": false, \"onlineSupport\": true, \"smartSecurity\": true, \"airConditioner\": true}','[\"https://example.com/images/room1.jpg\", \"https://example.com/images/room2.jpg\", \"https://example.com/images/room3.jpg\"]','[]'),('dec69c73-2c32-4f08-85ee-d3429f73922e','ea','single',13,111,16,'Molestiae doloremque atque consectetur occaecati. Sed veritatis dolore ipsum eligendi doloremque dicta fugit officia laudantium. Quidem vero quis accusamus quaerat eligendi aperiam rem.','Adipisci aut odio cupiditate quidem itaque odio excepturi.','{\"wifi\": true, \"shower\": true, \"towels\": true, \"grocery\": true, \"kitchen\": false, \"cleaning\": true, \"nearShop\": true, \"breakfast\": false, \"singleBed\": true, \"expertTeam\": true, \"strongLocker\": false, \"onlineSupport\": false, \"smartSecurity\": false, \"airConditioner\": false}','[\"https://picsum.photos/seed/nYgUX/640/480\", \"https://loremflickr.com/640/480?lock=111546741030912\", \"https://loremflickr.com/640/480?lock=1167927617257472\"]','[]'),('e471040b-529f-43fb-832a-b3df368f4315','Deluxe Room','double',101,200,20,'A spacious and luxurious room.','Free cancellation up to 24 hours before check-in.','{\"wifi\": true, \"shower\": true, \"towels\": true, \"grocery\": false, \"kitchen\": false, \"cleaning\": true, \"nearShop\": true, \"breakfast\": true, \"singleBed\": false, \"expertTeam\": false, \"strongLocker\": false, \"onlineSupport\": true, \"smartSecurity\": true, \"airConditioner\": true}','[\"https://example.com/images/room1.jpg\", \"https://example.com/images/room2.jpg\", \"https://example.com/images/room3.jpg\"]','[]'),('e68764a9-79c8-4450-9bb7-42088b4b4e9b','corporis','suite',811,67,48,'Cum quasi incidunt. Fugiat consequuntur autem nihil amet nihil. A minus fugit.','Optio dignissimos corporis dolore qui reprehenderit.','{\"wifi\": true, \"shower\": true, \"towels\": true, \"grocery\": true, \"kitchen\": true, \"cleaning\": true, \"nearShop\": false, \"breakfast\": false, \"singleBed\": false, \"expertTeam\": true, \"strongLocker\": false, \"onlineSupport\": false, \"smartSecurity\": false, \"airConditioner\": true}','[\"https://loremflickr.com/640/480?lock=666378728112128\", \"https://loremflickr.com/640/480?lock=3394144156254208\", \"https://picsum.photos/seed/KlRt2/640/480\"]','[]');
/*!40000 ALTER TABLE `rooms` ENABLE KEYS */;
UNLOCK TABLES;

--
-- Table structure for table `users`
--

DROP TABLE IF EXISTS `users`;
/*!40101 SET @saved_cs_client     = @@character_set_client */;
/*!50503 SET character_set_client = utf8mb4 */;
CREATE TABLE `users` (
  `id` varchar(36) NOT NULL,
  `name` varchar(255) NOT NULL,
  `lastname` varchar(255) NOT NULL,
  `email` varchar(255) NOT NULL,
  `password` varchar(255) DEFAULT NULL,
  `phone` varchar(255) DEFAULT NULL,
  `description` text,
  `status` enum('active','inactive','vacation') DEFAULT 'active',
  `job` enum('manager','receptionist','roomsService') DEFAULT 'manager',
  `dischargeDate` varchar(29) DEFAULT NULL,
  `profileImg` varchar(255) DEFAULT NULL,
  PRIMARY KEY (`id`)
) ENGINE=InnoDB DEFAULT CHARSET=utf8mb4 COLLATE=utf8mb4_0900_ai_ci;
/*!40101 SET character_set_client = @saved_cs_client */;

--
-- Dumping data for table `users`
--

LOCK TABLES `users` WRITE;
/*!40000 ALTER TABLE `users` DISABLE KEYS */;
INSERT INTO `users` VALUES ('2eb93c03-d876-48d7-b55c-97412062e09d','Mollie','Auer','Candice.Cruickshank@hotmail.com','$2a$10$yk8Hav13IAaDJ0foriLPNu75Nqo4B3JTSiTVqK5fr8HCzPfdADtky','686-888-7609 x2219','Animi labore laborum pariatur suscipit recusandae ipsam minus error. Amet similique praesentium ut quibusdam necessitatibus impedit at. Tempora autem fugiat rem dolorum. In excepturi ut nostrum iusto tempora natus ducimus.','active','receptionist','2023-08-10T08:55:15.053Z','https://avatars.githubusercontent.com/u/98687367'),('32c1a233-4e01-419f-9109-d391de0dccb6','Tyrique','Sauer','Ashton_Hessel@gmail.com','$2a$10$wChDGvSTCUCorjkZTR87s.QrY1ikpOHZs.KUHIQIKclaCihtLc8QG','605.349.6503 x23437','Dolore hic illo aut expedita debitis necessitatibus quaerat occaecati. Laborum unde consequuntur consequuntur. Minima culpa ad sequi corporis ea quaerat exercitationem a laborum. Ullam in cumque sequi.','active','roomsService','2024-06-08T20:03:59.926Z','https://avatars.githubusercontent.com/u/15331152'),('3cad61f4-43b1-4620-9be9-e4f63ec309df','Reilly','Rutherford','Armand.Christiansen@gmail.com','$2a$10$oonjR2TwDfh34VRmd/GEhu0kD4/5yShDx9KXWP2YJFm2db5koLi8u','1-731-264-6471 x11413','Fugiat tenetur totam labore omnis est placeat animi. Quod nemo ad rem sed culpa consectetur tempora quae. Repellendus id aspernatur officia.','active','receptionist','2023-09-15T03:53:37.939Z','https://avatars.githubusercontent.com/u/42842947'),('442e8f2a-a618-443a-8733-b27a5f0095db','Jana','Durgan','Jolie_Thiel@gmail.com','$2a$10$i7smQdKNQ23ZGGnLMgIVz.igxri6qmA0qke0pIj/Mvkx5.YKl1XA2','(373) 981-5700 x350','Sed atque ullam error. Alias cupiditate possimus dolorum quaerat maxime sint laudantium. Iusto temporibus illo.','vacation','manager','2024-03-19T01:13:39.302Z','https://avatars.githubusercontent.com/u/79239327'),('52d69304-8694-42e0-9e76-06e932b236d7','Elbert','Adams-McLaughlin','Karina.Satterfield73@hotmail.com','$2a$10$vyTOjRdQZj7.yo1wd6FBsODiMKDHhikY4flMlGJZ6X9Mv7hOHK/NS','295-638-3262','Necessitatibus repellat illum cumque sed. Blanditiis porro quae. Harum quidem delectus fuga cum nisi fuga corrupti quos doloribus. Praesentium dolores veritatis aliquid et voluptate eius. Provident et necessitatibus tenetur ab assumenda numquam rem mollitia itaque.','vacation','receptionist','2024-01-12T00:11:52.112Z','https://cloudflare-ipfs.com/ipfs/Qmd3W5DuhgHirLHGVixi6V76LhCkZUz6pnFt5AJBiyvHye/avatar/888.jpg'),('717c14a9-f81d-4b19-858e-0cce690cff2e','new_test_name','Test','test@test.com','$2a$10$AIkfgb2xiJHRhSisLMFIhe1YLbA36KHmrQcxGFEb/7sPeFX5Uojgu',NULL,NULL,'active','manager',NULL,NULL),('7aafdc47-26f7-408d-a688-de3d0d8cbdf0','Lukasz','Maraj','lucas.m2295@gmail.com','$2a$10$a0.krqDMPfTuPnSGc8phUei1lYqd72I6rqarjgSzgBpcwmVr7dQQW',NULL,NULL,'active','manager',NULL,NULL),('7fa0aafd-ce89-4021-be33-b362c607ca9f','Lukasz','Maraj','lucas.m2295@gmail.com','$2a$10$4PQG.1mJ5.e3c67DPoMxw.daC01QjOxbG8eET6IdXaJaHs37zQnqa',NULL,NULL,'active','manager',NULL,NULL),('9615c6d5-715c-410b-9e2c-4a588de22461','Montana','Miller','Brandy.Murray75@hotmail.com','$2a$10$hxDeKCO9w2EvRc/TmKDAcOUCnPGSOnZS9vXZdLYyIjfN1eUSrsY/O','801-802-3775 x59565','Numquam debitis excepturi eligendi enim perferendis cumque eveniet explicabo. Quasi iusto mollitia earum ratione laudantium quisquam. Beatae maxime fuga tenetur eum quos sit esse. Neque similique et consectetur cumque natus aliquid dolorem dolorum quam.','active','roomsService','2024-03-01T06:32:26.517Z','https://cloudflare-ipfs.com/ipfs/Qmd3W5DuhgHirLHGVixi6V76LhCkZUz6pnFt5AJBiyvHye/avatar/920.jpg'),('b23a8b84-f52f-438c-b854-ebd165516ffd','Newell','Kassulke','Kiera_Mayer@gmail.com','$2a$10$1hAhwfd2J2H3gL.4G71ukekYLFFTZOFm6xj9WKCM2ILef11GF4D72','1-975-959-7854 x81358','Temporibus iure velit aliquid. Aperiam unde expedita.','vacation','receptionist','2023-12-21T18:10:10.922Z','https://cloudflare-ipfs.com/ipfs/Qmd3W5DuhgHirLHGVixi6V76LhCkZUz6pnFt5AJBiyvHye/avatar/524.jpg'),('b3389387-ad2c-4bbd-9904-23332a434994','Fernando','Keeling','Clovis.Schamberger22@yahoo.com','$2a$10$JUotLStQAktRpFLs68CfG.gDyhyuHPdTPTy37huQp1Wcecr4wTrG.','(596) 351-5855 x67547','Mollitia ducimus nam inventore similique. Magnam explicabo vitae. Quo incidunt commodi magni veniam sapiente voluptatibus. Eos praesentium quae accusantium unde labore perspiciatis repellat odit.','active','manager','2024-06-04T03:26:19.396Z','https://avatars.githubusercontent.com/u/46574249'),('dca93be1-847f-4cc9-9d30-eab94f175b4c','Test','Test','test@test.com','$2a$10$qdR1HkksPBMIyHVoTeVnuemeztNcxivhnxgx8niP6DvqTnDRRktPG',NULL,NULL,'active','manager',NULL,NULL),('dcdf0924-6435-484c-a54d-6e52e9121806','Ima','Senger','Whitney_Thompson58@hotmail.com','$2a$10$gmh9uoblqy5XjkSseQNtLOFwWGIuaXSWGw2myEPdc8nJpu/klpLEK','461.701.3230 x4622','Esse et veritatis nihil error libero. Commodi repellat ex quam dolor molestias dignissimos quos magnam. Temporibus distinctio repudiandae.','active','roomsService','2024-04-20T02:18:17.019Z','https://avatars.githubusercontent.com/u/25579482'),('fb62dbc9-5502-4376-8e04-0b9847db1edb','Test','Test','test@test.com','$2a$10$pHvcyVw.c7SLR1F1.sM0UebBjBY0wimI4Ts6yZ.7NoFTFpL7QtVim',NULL,NULL,'active','manager',NULL,NULL),('fc1c85c2-63dd-4042-93ed-6365a33d168c','Eula','Bechtelar','Stanford11@hotmail.com','$2a$10$T5ddGPP.e/Rqs5/zlaZYj.z7Yf98KJ1UXyycCjellYLjraFSBiKJa','406.916.0961','In possimus dicta accusantium quidem autem sit. Hic ut eum totam tenetur excepturi mollitia dolor voluptatem vitae. Incidunt autem adipisci excepturi. Nemo amet assumenda sint assumenda ut aliquam ea dolores eum. Illum necessitatibus aut tempore vitae. Veritatis ab delectus nulla architecto.','vacation','receptionist','2024-03-10T21:25:50.415Z','https://avatars.githubusercontent.com/u/96762507');
/*!40000 ALTER TABLE `users` ENABLE KEYS */;
UNLOCK TABLES;
/*!40103 SET TIME_ZONE=@OLD_TIME_ZONE */;

/*!40101 SET SQL_MODE=@OLD_SQL_MODE */;
/*!40014 SET FOREIGN_KEY_CHECKS=@OLD_FOREIGN_KEY_CHECKS */;
/*!40014 SET UNIQUE_CHECKS=@OLD_UNIQUE_CHECKS */;
/*!40101 SET CHARACTER_SET_CLIENT=@OLD_CHARACTER_SET_CLIENT */;
/*!40101 SET CHARACTER_SET_RESULTS=@OLD_CHARACTER_SET_RESULTS */;
/*!40101 SET COLLATION_CONNECTION=@OLD_COLLATION_CONNECTION */;
/*!40111 SET SQL_NOTES=@OLD_SQL_NOTES */;

-- Dump completed on 2023-08-06 19:48:06
